Lat,Long,Heading,COG,SOG
76.545654,-68.904754,0.1,174.1,0
76.545654,-68.904752,0.2,81.7,0
76.545654,-68.904751,0.2,43.5,0
76.545655,-68.904749,0.2,282.9,0
76.545655,-68.904748,0.2,86.3,0
76.545656,-68.904747,0.2,283.2,0
76.545656,-68.904745,0.2,86.2,0
76.545656,-68.904744,0.3,329.8,0
76.545656,-68.904743,0.3,79.4,0
76.545657,-68.904743,0.4,21.9,0
76.545657,-68.90474,0.4,79.7,0
76.545656,-68.90474,0.5,272.7,0
76.545656,-68.904738,0.6,81.8,0
76.545656,-68.904738,0.6,87.5,0
76.545656,-68.904736,0.6,95.2,0
76.545656,-68.904735,0.7,87.4,0
76.545655,-68.904734,0.8,135.3,0
76.545655,-68.904733,0.8,87.6,0
76.545655,-68.904733,0.9,300.8,0
76.545655,-68.904733,0.9,77.8,0
76.545655,-68.904732,1,155.8,0
76.545655,-68.904731,1,144.9,0
76.545655,-68.90473,1.1,152.2,0
76.545655,-68.904729,1.1,107.8,0
76.545655,-68.904728,1.1,129.2,0
76.545656,-68.904727,1.1,82.6,0
76.545656,-68.904726,1.1,119.1,0
76.545656,-68.904724,1.1,115.1,0
76.545656,-68.904723,1.1,184.2,0
76.545656,-68.904722,1.1,43.2,0
76.545656,-68.904721,1.1,59.2,0
76.545657,-68.90472,1.1,84.6,0
76.545657,-68.904719,1.1,56.1,0
76.545657,-68.904718,1.1,10.7,0
76.545657,-68.904717,1.1,124.3,0
76.545658,-68.904717,1.1,351.9,0
76.545658,-68.904716,1.1,69.4,0
76.545658,-68.904715,1.1,68.2,0
76.545658,-68.904715,1.1,233.6,0
76.545658,-68.904714,1.1,102.8,0
76.545658,-68.904714,1.1,92.1,0
76.545658,-68.904713,1.1,128.3,0
76.545657,-68.904712,1.1,143.3,0
76.545657,-68.904711,1.1,67.6,0
76.545658,-68.90471,1,39.7,0
76.545658,-68.904709,1,92.2,0
76.545658,-68.904708,0.9,30.8,0
76.545658,-68.904707,0.9,45.7,0
76.545658,-68.904707,0.9,60,0
76.545659,-68.904706,0.9,115.8,0
76.545659,-68.904705,0.9,53.6,0
76.545659,-68.904705,0.9,47.5,0
76.54566,-68.904703,0.9,122.8,0
76.54566,-68.904703,0.9,23.8,0
76.54566,-68.904701,0.9,124,0
76.545661,-68.9047,0.9,132.9,0
76.545661,-68.904699,0.9,48.8,0
76.545661,-68.904697,0.9,33.6,0
76.545661,-68.904696,0.9,67.6,0
76.545662,-68.904695,0.9,39.8,0
76.545662,-68.904694,0.9,28.8,0
76.545662,-68.904693,0.9,158.2,0
76.545663,-68.904692,0.9,194.7,0
76.545663,-68.904692,0.9,32.7,0
76.545664,-68.904692,0.9,312.7,0
76.545664,-68.904691,0.9,314.8,0
76.545664,-68.904691,0.9,343.4,0
76.545664,-68.904689,0.9,72.4,0
76.545664,-68.904688,0.8,19,0
76.545664,-68.904687,0.8,282,0
76.545664,-68.904686,0.8,84.7,0
76.545664,-68.904685,0.8,157.6,0
76.545664,-68.904684,0.7,78.2,0
76.545664,-68.904682,0.7,70.4,0
76.545665,-68.904682,0.7,100.7,0
76.545665,-68.904682,0.7,154.2,0
76.545665,-68.904682,0.7,152.6,0
76.545665,-68.904682,0.7,326.8,0
76.545665,-68.904681,0.7,63.5,0
76.545666,-68.90468,0.7,51,0
76.545666,-68.90468,0.7,63.2,0
76.545666,-68.904679,0.7,336.9,0
76.545665,-68.904678,0.7,128.8,0
76.545665,-68.904677,0.7,24,0
76.545665,-68.904676,0.7,60.5,0
76.545665,-68.904676,0.7,54.3,0
76.545665,-68.904675,0.6,77.7,0
76.545666,-68.904676,0.6,54.8,0
76.545666,-68.904676,0.6,194.4,0
76.545666,-68.904676,0.6,104.5,0
76.545666,-68.904676,0.6,282.2,0
76.545666,-68.904675,0.6,85.2,0
76.545666,-68.904675,0.6,43.6,0
76.545666,-68.904674,0.6,10.2,0
76.545666,-68.904674,0.6,253.4,0
76.545666,-68.904673,0.7,71.9,0
76.545666,-68.904673,0.7,287.4,0
76.545666,-68.904672,0.7,42,0
76.545666,-68.904673,0.7,258.5,0
76.545666,-68.904673,0.7,94.5,0
76.545666,-68.904674,0.7,283.9,0
76.545667,-68.904673,0.7,52.2,0
76.545667,-68.904674,0.7,320.9,0
76.545667,-68.904673,0.7,117.5,0
76.545667,-68.904673,0.7,117.7,0
76.545667,-68.904672,0.8,231.5,0
76.545667,-68.904672,0.7,131.5,0
76.545667,-68.904671,0.7,192.2,0
76.545667,-68.904671,0.7,53,0
76.545667,-68.904671,0.6,296,0
76.545667,-68.904672,0.6,131.7,0
76.545667,-68.904674,0.5,264.3,0
76.545667,-68.904674,0.5,177.1,0
76.545667,-68.904675,0.5,253.8,0
76.545667,-68.904675,0.4,213.9,0
76.545667,-68.904676,0.3,258.7,0
76.545667,-68.904676,0.3,255.8,0
76.545666,-68.904676,0.2,7.2,0
76.545666,-68.904677,0.2,222.5,0
76.545666,-68.904678,0.2,349.7,0
76.545666,-68.904678,0.2,260.5,0
76.545666,-68.90468,0.1,6.6,0
76.545666,-68.90468,0.1,314.2,0
76.545666,-68.904682,0.1,130.4,0
76.545666,-68.904684,0.1,269,0
76.545666,-68.904684,0,64.6,0
76.545665,-68.904685,0.1,284.4,0
76.545665,-68.904685,0.1,49.3,0
76.545665,-68.904685,0,264,0
76.545665,-68.904685,0,121,0
76.545664,-68.904686,359.9,171.3,0
76.545664,-68.904686,359.9,238.7,0
76.545664,-68.904686,359.9,264.3,0
76.545664,-68.904686,359.9,166.1,0
76.545664,-68.904687,359.9,111.3,0
76.545664,-68.904688,359.9,139.6,0
76.545664,-68.904689,359.9,215.2,0
76.545663,-68.904689,359.8,211.5,0
76.545663,-68.904689,359.7,203,0
76.545663,-68.904689,359.7,259.2,0
76.545662,-68.904689,359.6,144.1,0
76.545662,-68.904688,359.6,255.7,0
76.545662,-68.904688,359.6,163.9,0
76.545662,-68.904688,359.6,200.5,0
76.545662,-68.904688,359.6,319,0
76.545661,-68.904689,359.6,143,0
76.545662,-68.904689,359.5,208.7,0
76.545662,-68.90469,359.5,148.4,0
76.545661,-68.90469,359.4,208.9,0
76.545661,-68.904689,359.4,155.4,0
76.545661,-68.904688,359.5,153.1,0
76.54566,-68.904688,359.4,157.7,0
76.54566,-68.904688,359.4,184,0
76.54566,-68.904688,359.4,211.8,0
76.54566,-68.904688,359.4,210.8,0
76.545659,-68.904687,359.4,121.8,0
76.545659,-68.904687,359.4,189.7,0
76.545659,-68.904688,359.4,132.2,0
76.545659,-68.904688,359.3,192.9,0
76.545659,-68.904688,359.3,184.1,0
76.545659,-68.904687,359.3,188.6,0
76.545658,-68.904686,359.3,182.8,0
76.545658,-68.904683,359.3,216.4,0
76.545658,-68.904682,359.2,167.8,0
76.545658,-68.904681,359.2,162.3,0
76.545658,-68.904679,359.2,176.2,0
76.545657,-68.904679,359.3,165.2,0
76.545657,-68.904679,359.3,182.1,0
76.545657,-68.904679,359.3,138.9,0
76.545657,-68.904678,359.2,186,0
76.545656,-68.904677,359.2,151.7,0
76.545656,-68.904676,359.3,194.4,0
76.545655,-68.904675,359.3,181.3,0
76.545655,-68.904674,359.3,150.9,0
76.545655,-68.904672,359.3,147.4,0
76.545654,-68.904671,359.3,163.8,0
76.545654,-68.90467,359.4,180.8,0
76.545653,-68.904669,359.5,156.4,0
76.545653,-68.904668,359.5,170.5,0
76.545652,-68.904666,359.5,149.2,0
76.545652,-68.904665,359.4,191.4,0
76.545652,-68.904663,359.5,161.2,0
76.545651,-68.904662,359.6,189.5,0
76.545651,-68.90466,359.7,151.8,0
76.54565,-68.904658,359.7,157,0
76.54565,-68.904656,359.7,167.2,0
76.545649,-68.904654,359.7,130.4,0
76.545649,-68.904653,359.8,167.6,0
76.545649,-68.904652,359.8,177.1,0
76.545648,-68.90465,359.7,149.8,0
76.545648,-68.904649,359.7,112.5,0
76.545648,-68.904647,359.7,180.7,0
76.545647,-68.904645,359.8,99.4,0
76.545647,-68.904644,359.8,191.4,0
76.545646,-68.904642,359.7,139.3,0
76.545646,-68.904641,359.7,175.4,0
76.545646,-68.904639,359.8,167.6,0
76.545645,-68.904639,359.8,186.8,0
76.545645,-68.904638,359.8,158.7,0
76.545644,-68.904638,359.7,171.8,0
76.545644,-68.904636,359.6,125.4,0
76.545644,-68.904635,359.7,123.8,0
76.545644,-68.904634,359.7,213.3,0
76.545643,-68.904633,359.7,167.4,0
76.545643,-68.904632,359.7,202.4,0
76.545643,-68.904631,359.6,138.3,0
76.545642,-68.904631,359.6,180.2,0
76.545642,-68.90463,359.6,131.7,0
76.545642,-68.90463,359.6,206.1,0
76.545641,-68.904629,359.5,178.6,0
76.545641,-68.904628,359.5,147.3,0
76.54564,-68.904626,359.5,138.7,0
76.54564,-68.904625,359.4,187.9,0
76.54564,-68.904624,359.4,140.4,0
76.545639,-68.904624,359.4,169.4,0
76.545639,-68.904623,359.4,187.3,0
76.545639,-68.904622,359.4,123.9,0
76.545638,-68.904622,359.4,152.6,0
76.545638,-68.904621,359.3,134.5,0
76.545638,-68.90462,359.3,110.7,0
76.545637,-68.904619,359.3,177.3,0
76.545637,-68.904618,359.3,116.1,0
76.545636,-68.904618,359.3,172.7,0
76.545636,-68.904616,359.3,152.4,0
76.545636,-68.904616,359.3,124.4,0
76.545635,-68.904615,359.3,127.9,0
76.545635,-68.904616,359.3,193.7,0
76.545634,-68.904614,359.3,156.5,0
76.545634,-68.904614,359.2,185.7,0
76.545634,-68.904613,359.3,171.5,0
76.545633,-68.904612,359.3,129.6,0
76.545633,-68.904611,359.4,193.4,0
76.545632,-68.904611,359.4,138.3,0
76.545632,-68.90461,359.4,184.4,0
76.545632,-68.90461,359.4,133,0
76.545631,-68.90461,359.4,169.5,0
76.545631,-68.90461,359.4,121.8,0
76.545631,-68.904609,359.5,223.6,0
76.54563,-68.904607,359.5,132.2,0
76.54563,-68.904607,359.4,223.5,0
76.545629,-68.904606,359.5,144.7,0
76.545629,-68.904607,359.5,220.4,0
76.545629,-68.904606,359.5,153.4,0
76.545628,-68.904606,359.5,198,0
76.545628,-68.904605,359.5,170.2,0
76.545627,-68.904605,359.5,145,0
76.545627,-68.904604,359.4,169.2,0
76.545626,-68.904604,359.4,134.1,0
76.545626,-68.904603,359.4,212.1,0
76.545625,-68.904602,359.4,154.1,0
76.545625,-68.904602,359.4,203.2,0
76.545624,-68.904601,359.4,138.5,0
76.545624,-68.904603,359.4,235.1,0
76.545623,-68.904603,359.3,198.8,0
76.545623,-68.904603,359.3,121.9,0
76.545622,-68.904603,359.3,206.5,0
76.54562,-68.904603,359.3,119.5,0
76.54562,-68.904603,359.2,174.5,0
76.54562,-68.904602,359.2,217.4,0
76.545619,-68.904602,359.3,158.1,0
76.545619,-68.904602,359.3,225.5,0
76.545618,-68.904602,359.3,163.4,0
76.545618,-68.904602,359.2,210.2,0
76.545618,-68.904602,359.2,169.7,0
76.545617,-68.904602,359.2,181.7,0
76.545617,-68.904601,359.2,150.6,0
76.545616,-68.904601,359.2,211.8,0
76.545616,-68.9046,359.2,151.6,0
76.545616,-68.9046,359.2,201.8,0
76.545615,-68.904599,359.2,133.2,0
76.545615,-68.9046,359.1,209.7,0
76.545615,-68.904601,359.1,177.4,0
76.545614,-68.904602,359.1,205,0
76.545614,-68.904602,359,207.6,0
76.545614,-68.904602,359,207.7,0
76.545614,-68.904602,359,186.9,0
76.545614,-68.904602,359,205.8,0
76.545613,-68.904602,359,172.6,0
76.545613,-68.904603,359,235.3,0
76.545613,-68.904603,359,238.1,0
76.545613,-68.904604,358.9,179.1,0
76.545613,-68.904604,358.9,252.6,0
76.545613,-68.904604,358.8,222.5,0
76.545613,-68.904604,358.9,198.1,0
76.545612,-68.904605,358.9,243.6,0
76.545612,-68.904605,358.9,241.4,0
76.545612,-68.904605,358.9,234.8,0
76.545612,-68.904606,358.9,265.8,0
76.545612,-68.904606,358.9,208.1,0
76.545612,-68.904607,358.9,211.9,0
76.545611,-68.904608,358.9,204,0
76.545611,-68.904608,358.8,195,0
76.545611,-68.904609,358.8,226.7,0
76.545611,-68.904609,358.8,234.9,0
76.545611,-68.90461,358.8,202.3,0
76.545611,-68.904611,358.8,253.9,0
76.54561,-68.904612,358.8,289.9,0
76.54561,-68.904613,358.7,290.7,0
76.54561,-68.904614,358.7,249.9,0
76.54561,-68.904615,358.7,238.4,0
76.54561,-68.904616,358.8,252.5,0
76.545609,-68.904617,358.8,239.7,0
76.545609,-68.904618,358.9,156.9,0
76.545609,-68.90462,358.9,245.4,0
76.545609,-68.904621,359,248.5,0
76.545608,-68.904623,359,245.3,0
76.545608,-68.904625,358.9,261.3,0
76.545607,-68.904626,358.9,284.1,0
76.545607,-68.904629,358.9,278,0
76.545607,-68.904631,359,269.6,0
76.545607,-68.904632,359,256.8,0
76.545607,-68.904634,359,281.3,0
76.545606,-68.904635,359,302.7,0
76.545607,-68.904638,358.9,280.3,0
76.545607,-68.90464,359,308,0
76.545607,-68.904642,359,248.2,0
76.545607,-68.904643,359,263.8,0
76.545606,-68.904645,359,281.1,0
76.545606,-68.904647,359,289,0
76.545606,-68.904649,359,276.6,0
76.545606,-68.90465,359,295.7,0
76.545607,-68.904652,359,263.9,0
76.545607,-68.904655,359,217.5,0
76.545607,-68.904657,359,272.8,0
76.545608,-68.904658,359,298.4,0
76.545608,-68.904659,359,291.9,0
76.545608,-68.904659,359,281.7,0
76.545608,-68.904661,359,283.4,0
76.545608,-68.904662,359,210.6,0
76.545609,-68.904664,359.1,267.8,0
76.545609,-68.904665,359.1,295.7,0
76.545609,-68.904667,359.1,263.8,0
76.54561,-68.904669,359.2,297,0
76.54561,-68.90467,359.2,357.3,0
76.54561,-68.904671,359.3,275.9,0
76.54561,-68.904672,359.3,331.8,0
76.54561,-68.904675,359.3,303.2,0
76.545611,-68.904676,359.4,321.8,0
76.545611,-68.904678,359.4,273.8,0
76.545611,-68.904679,359.5,311.8,0
76.545611,-68.904681,359.5,304,0
76.545611,-68.904683,359.5,289.1,0
76.545612,-68.904685,359.5,315.4,0
76.545612,-68.904686,359.6,311.9,0
76.545611,-68.904688,359.8,259.5,0
76.545611,-68.904689,359.9,296.9,0
76.545611,-68.904691,359.9,321,0
76.545612,-68.904692,359.9,296.8,0
76.545612,-68.904693,359.9,335.8,0
76.545612,-68.904694,0,306.3,0
76.545613,-68.904695,0.1,323.1,0
76.545613,-68.904696,0.3,302.9,0
76.545614,-68.904697,0.3,320.2,0
76.545614,-68.904699,0.3,288.3,0
76.545615,-68.904701,0.3,0.3,0
76.545615,-68.904702,0.4,291.9,0
76.545616,-68.904702,0.5,342.9,0
76.545616,-68.904704,0.5,322.3,0
76.545617,-68.904704,0.6,355.5,0
76.545617,-68.904705,0.6,317.6,0
76.545618,-68.904706,0.5,345,0
76.545619,-68.904707,0.5,313.3,0
76.545619,-68.904707,0.5,349.3,0
76.54562,-68.904709,0.6,328.5,0
76.545621,-68.904709,0.7,341.2,0
76.545621,-68.90471,0.7,342.5,0
76.545622,-68.904711,0.8,315.4,0
76.545622,-68.904712,0.8,324.7,0
76.545623,-68.904714,0.8,320.8,0
76.545623,-68.904715,0.9,355.7,0
76.545623,-68.904716,1,329.5,0
76.545624,-68.904717,1,328.2,0
76.545624,-68.904719,1.1,303.5,0
76.545624,-68.90472,1.1,6.7,0
76.545625,-68.904721,1.2,302.8,0
76.545625,-68.904722,1.4,311.4,0
76.545625,-68.904724,1.6,308.5,0
76.545626,-68.904725,1.7,309.7,0
76.545626,-68.904727,1.7,353.1,0
76.545626,-68.904729,1.8,285.8,0
76.545626,-68.904729,1.9,350.9,0
76.545627,-68.90473,2.1,314.2,0
76.545627,-68.904731,2.3,338.6,0
76.545628,-68.904733,2.4,320.5,0
76.545628,-68.904734,2.5,355.4,0
76.545628,-68.904735,2.5,275.1,0
76.545629,-68.904735,2.5,296.1,0
76.545629,-68.904736,2.5,324.9,0
76.545629,-68.904737,2.6,26.4,0
76.54563,-68.904738,2.7,320.4,0
76.54563,-68.90474,2.7,347.6,0
76.54563,-68.90474,2.7,347.6,0
76.545631,-68.904742,2.8,347.5,0
76.545631,-68.904743,2.9,321.4,0
76.545631,-68.904743,3,285.8,0
76.545632,-68.904743,3.1,346.1,0
76.545632,-68.904743,3.2,344.3,0
76.545633,-68.904744,3.3,349.6,0
76.545633,-68.904744,3.3,349.6,0
76.545633,-68.904745,3.5,347.7,0
76.545633,-68.904746,3.6,357.7,0
76.545634,-68.904745,3.6,28.5,0
76.545634,-68.904744,3.6,5.5,0
76.545635,-68.904744,3.6,9.4,0
76.545635,-68.904744,3.7,351.6,0
76.545635,-68.904744,3.8,358.7,0
76.545636,-68.904745,3.9,300.1,0
76.545636,-68.904745,4.1,124.8,0
76.545636,-68.904746,4.1,33.7,0
76.545637,-68.904745,4.2,16.1,0
76.545637,-68.904745,4.3,309.4,0
76.545637,-68.904744,4.4,171.5,0
76.545638,-68.904745,4.6,352.5,0
76.545638,-68.904745,4.6,3.4,0
76.545638,-68.904746,4.7,185.5,0
76.545638,-68.904746,4.8,277.8,0
76.545639,-68.904746,4.8,225.3,0
76.545639,-68.904746,4.9,350,0
76.545639,-68.904745,4.9,351.6,0
76.545639,-68.904746,4.9,305.6,0
76.545639,-68.904746,5,42,0
76.54564,-68.904748,5.2,13.2,0
76.54564,-68.904748,5.3,20.3,0
76.54564,-68.904748,5.4,314.5,0
76.54564,-68.904747,5.5,349.1,0
76.545641,-68.904747,5.5,358.1,0
76.545641,-68.904746,5.5,31,0
76.545641,-68.904746,5.6,44.4,0
76.545642,-68.904746,5.6,12.8,0
76.545642,-68.904746,5.6,277.2,0
76.545642,-68.904745,5.7,76.2,0
76.545642,-68.904743,5.8,357.1,0
76.545642,-68.904742,5.8,328.3,0
76.545643,-68.904742,5.8,39.2,0
76.545643,-68.904742,5.8,306.2,0
76.545643,-68.904742,5.9,280.6,0
76.545643,-68.904744,5.9,75.7,0
76.545643,-68.904744,5.9,76.9,0
76.545643,-68.904744,5.9,349.3,0
76.545644,-68.904743,6,288.2,0
76.545644,-68.904743,6,231.9,0
76.545644,-68.904743,6,310.1,0
76.545644,-68.904744,6,320.3,0
76.545645,-68.904744,5.9,48,0
76.545645,-68.904745,6,13.1,0
76.545645,-68.904744,6,25.1,0
76.545646,-68.904745,6,320.2,0
76.545646,-68.904744,6,8.9,0
76.545647,-68.904745,6,340.8,0
76.545647,-68.904745,6,41.4,0
76.545647,-68.904746,6.1,218.7,0
76.545648,-68.904746,6.1,182.4,0
76.545649,-68.904745,6.1,308.1,0
76.545649,-68.904745,6.1,336.1,0
76.545649,-68.904744,6.1,85.9,0
76.545649,-68.904744,6.1,85.9,0
76.54565,-68.904744,6.1,359.6,0
76.54565,-68.904745,6.1,342.4,0
76.54565,-68.904745,6.2,31.7,0
76.54565,-68.904745,6.3,38.7,0
76.545651,-68.904745,6.4,17.5,0
76.545651,-68.904746,6.4,4.2,0
76.545651,-68.904746,6.5,15.8,0
76.545651,-68.904746,6.5,33.3,0
76.545652,-68.904747,6.5,34.8,0
76.545652,-68.904747,6.6,17.3,0
76.545652,-68.904747,6.7,347,0
76.545652,-68.904746,6.7,315.5,0
76.545653,-68.904745,6.7,261.7,0
76.545653,-68.904745,6.7,34.6,0
76.545653,-68.904745,6.8,336.2,0
76.545653,-68.904746,6.9,24.9,0
76.545653,-68.904746,6.9,59.3,0
76.545653,-68.904745,7,295.8,0
76.545653,-68.904745,7.1,214,0
76.545653,-68.904745,7.1,185.3,0
76.545653,-68.904745,7.2,95.1,0
76.545653,-68.904745,7.2,290.5,0
76.545653,-68.904746,7.2,293.2,0
76.545653,-68.904747,7.2,167.4,0
76.545653,-68.904747,7.2,355.1,0
76.545653,-68.904747,7.2,254,0
76.545653,-68.904746,7.2,93.4,0
76.545653,-68.904747,7.2,274.5,0
76.545653,-68.904747,7.2,231.2,0
76.545653,-68.904748,7.2,201.7,0
76.545653,-68.904747,7.2,324.2,0
76.545653,-68.904748,7.2,282.7,0
76.545653,-68.904747,7.2,200.3,0
76.545653,-68.904747,7.2,331.5,0
76.545653,-68.904748,7.2,236.5,0
76.545653,-68.904748,7.2,336.6,0
76.545653,-68.904749,7.2,265,0
76.545653,-68.904749,7.2,349.9,0
76.545653,-68.904749,7.2,88.3,0
76.545653,-68.904749,7.2,254,0
76.545653,-68.904748,7.1,134.4,0
76.545653,-68.904748,7,219.7,0
76.545653,-68.904748,7,313.6,0
76.545653,-68.904748,7.1,260.1,0
76.545653,-68.904748,7.2,247.9,0
76.545653,-68.904747,7.2,202.4,0
76.545653,-68.904748,7.2,82.8,0
76.545653,-68.904748,7.2,279.2,0
76.545653,-68.904748,7.2,305.8,0
76.545653,-68.904749,7.1,250.1,0
76.545653,-68.90475,7.1,262.2,0
76.545653,-68.90475,7.1,29.4,0
76.545653,-68.904751,7.1,284.7,0
76.545653,-68.904751,7,211.7,0
76.545653,-68.904752,7,259.5,0
76.545653,-68.904752,6.9,247.2,0
76.545653,-68.904753,6.9,127.6,0
76.545653,-68.904753,6.8,272.7,0
76.545653,-68.904753,6.8,165.5,0
76.545653,-68.904755,6.8,258.3,0
76.545652,-68.904754,6.8,162.3,0
76.545652,-68.904756,6.8,256.9,0
76.545652,-68.904755,6.7,222.6,0
76.545652,-68.904756,6.7,165,0
76.545652,-68.904757,6.7,261.7,0
76.545652,-68.904758,6.7,194.5,0
76.545652,-68.904759,6.7,274.8,0
76.545652,-68.90476,6.6,237.7,0
76.545652,-68.904761,6.4,232.7,0
76.545652,-68.904763,6.4,127.5,0
76.545651,-68.904764,6.3,275,0
76.545651,-68.904765,6.4,153.8,0
76.545651,-68.904766,6.4,239.2,0
76.54565,-68.904766,6.3,149.5,0
76.54565,-68.90477,6.2,190.1,0
76.54565,-68.904768,6.1,202.2,0
76.54565,-68.90477,6,205.9,0
76.545649,-68.90477,5.9,208.9,0
76.545649,-68.904771,5.9,224.7,0
76.545648,-68.904772,5.8,208.3,0
76.545648,-68.904774,5.7,182.3,0
76.545647,-68.904774,5.6,180.1,0
76.545647,-68.904776,5.5,223,0
76.545646,-68.904777,5.5,212.7,0
76.545645,-68.904779,5.4,205.8,0
76.545645,-68.90478,5.3,196.1,0
76.545644,-68.904782,5.3,183.2,0
76.545644,-68.904783,5.2,199.5,0
76.545643,-68.904785,5.2,198.7,0
76.545643,-68.904787,5.2,224.8,0.1
76.545642,-68.904788,5.1,211.1,0
76.545642,-68.904789,5.1,221,0
76.545641,-68.90479,5.1,184.2,0
76.54564,-68.904791,5,232.4,0
76.54564,-68.904792,5,164.1,0
76.54564,-68.904794,4.9,212.3,0
76.545639,-68.904795,4.8,169.7,0
76.545639,-68.904797,4.8,230.1,0
76.545639,-68.904797,4.8,203.5,0
76.545638,-68.904798,4.8,228.6,0
76.545638,-68.904798,4.7,191.2,0
76.545637,-68.904801,4.6,226.2,0
76.545637,-68.904801,4.6,201,0
76.545637,-68.904803,4.6,237,0
76.545637,-68.904803,4.6,214,0
76.545636,-68.904804,4.5,230.9,0
76.545636,-68.904806,4.5,211.8,0
76.545635,-68.904808,4.3,201.9,0
76.545635,-68.90481,4.3,249.1,0.1
76.545635,-68.904811,4.2,218.5,0
76.545634,-68.904812,4.2,228.1,0
76.545634,-68.904813,4.2,183.4,0
76.545634,-68.904816,4.2,235.1,0
76.545633,-68.904818,4.1,226.4,0
76.545633,-68.90482,4.1,232.1,0
76.545632,-68.904821,4,233.7,0
76.545632,-68.904823,4,247.7,0
76.545632,-68.904824,4,218.9,0
76.545632,-68.904827,4,239.9,0
76.545631,-68.904828,4,250.2,0
76.545631,-68.904831,4,239.4,0
76.545631,-68.904832,3.9,236,0
76.54563,-68.904833,3.8,227.4,0
76.54563,-68.904835,3.8,252,0
76.54563,-68.904837,3.8,230.5,0
76.54563,-68.904839,3.8,233.2,0
76.545629,-68.904842,3.7,230.3,0
76.545629,-68.904845,3.6,254.9,0
76.545629,-68.904846,3.6,240.9,0
76.545628,-68.904848,3.6,227,0
76.545628,-68.904849,3.6,247.8,0
76.545627,-68.904852,3.5,221.7,0
76.545627,-68.904854,3.4,244.7,0
76.545627,-68.904857,3.4,224.1,0
76.545627,-68.90486,3.3,259.6,0.1
76.545627,-68.904862,3.3,153.2,0
76.545626,-68.904864,3.3,261,0.1
76.545626,-68.904865,3.3,179.1,0
76.545626,-68.904869,3.3,239.9,0.1
76.545626,-68.904871,3.4,271.9,0
76.545625,-68.904875,3.4,230.3,0
76.545625,-68.904877,3.4,219,0
76.545625,-68.90488,3.4,271.1,0
76.545625,-68.904882,3.3,254.7,0
76.545625,-68.904884,3.3,179.8,0
76.545624,-68.904888,3.4,250.1,0
76.545624,-68.904889,3.4,247.7,0
76.545624,-68.904892,3.4,243.6,0
76.545624,-68.904894,3.5,235.5,0
76.545624,-68.904897,3.5,226.6,0
76.545623,-68.9049,3.6,264.9,0
76.545623,-68.904902,3.6,234,0
76.545623,-68.904904,3.7,234.4,0.1
76.545623,-68.904906,3.7,186.1,0
76.545622,-68.904909,3.7,246.9,0
76.545622,-68.90491,3.8,191,0
76.545622,-68.904914,3.8,290.5,0
76.545622,-68.904916,3.9,247.3,0
76.545622,-68.904919,4,234.5,0
76.545622,-68.90492,4,242.6,0
76.545622,-68.904922,4,203.6,0
76.545622,-68.904924,4.1,247.4,0
76.545621,-68.904925,4.2,259.2,0
76.545621,-68.904927,4.3,248.8,0
76.545621,-68.904929,4.3,250.4,0
76.54562,-68.904932,4.3,234.1,0
76.54562,-68.904933,4.3,218.8,0
76.54562,-68.904934,4.4,195,0
76.54562,-68.904936,4.4,233,0
76.545619,-68.904937,4.5,158.1,0
76.545619,-68.904938,4.5,236.9,0
76.545619,-68.904939,4.6,141.7,0
76.545619,-68.90494,4.6,254.9,0
76.545618,-68.90494,4.5,164.9,0
76.545618,-68.904942,4.4,229.2,0
76.545617,-68.904944,4.5,220,0
76.545617,-68.904946,4.5,237.6,0
76.545617,-68.904946,4.6,171.4,0
76.545616,-68.904947,4.6,247.2,0
76.545616,-68.904948,4.6,166.6,0
76.545616,-68.904949,4.7,240.5,0
76.545615,-68.90495,4.7,188.4,0
76.545615,-68.904951,4.8,263.4,0
76.545615,-68.904951,4.8,191.2,0
76.545615,-68.904952,4.9,215.5,0
76.545615,-68.904953,4.9,221.4,0
76.545615,-68.904954,4.9,313.5,0
76.545615,-68.904954,5,192.8,0
76.545615,-68.904954,5,244.5,0
76.545615,-68.904955,5,205.4,0
76.545615,-68.904955,5,199.2,0
76.545615,-68.904956,5.1,221.8,0
76.545615,-68.904957,5.1,274.8,0
76.545615,-68.904957,5.1,236.3,0
76.545615,-68.904958,5.1,259.6,0
76.545615,-68.904958,5.2,196.8,0
76.545615,-68.904959,5.2,296.8,0
76.545615,-68.904959,5.3,151.4,0
76.545615,-68.904961,5.3,260.5,0
76.545616,-68.904961,5.4,157.1,0
76.545616,-68.904963,5.5,287.7,0
76.545616,-68.904963,5.6,224.1,0
76.545616,-68.904965,5.6,286.2,0
76.545616,-68.904965,5.7,260.3,0
76.545617,-68.904967,5.7,282.6,0
76.545617,-68.904967,5.8,314.5,0
76.545617,-68.904969,5.8,214.9,0
76.545617,-68.904971,5.9,281.4,0
76.545618,-68.904971,5.9,175.9,0
76.545618,-68.904973,5.9,251.2,0
76.545618,-68.904974,6,243.6,0
76.545619,-68.904976,6,287.7,0
76.545619,-68.904976,6,313.4,0
76.545619,-68.904978,6.1,279.3,0
76.54562,-68.904977,6.1,289.3,0
76.54562,-68.904979,6.2,270.7,0
76.54562,-68.904981,6.3,310.8,0
76.54562,-68.904983,6.4,311.8,0
76.54562,-68.904984,6.4,288,0
76.545621,-68.904985,6.5,310.6,0
76.545621,-68.904986,6.6,316.4,0
76.545621,-68.904987,6.7,324.6,0
76.545622,-68.904989,6.9,321.1,0
76.545622,-68.904989,7,279.4,0
76.545622,-68.904989,7.1,283.6,0
76.545623,-68.904989,7.2,314.9,0
76.545623,-68.90499,7.3,240.8,0
76.545623,-68.904992,7.3,262,0
76.545623,-68.904993,7.4,22,0
76.545623,-68.904994,7.4,330,0
76.545623,-68.904994,7.5,49.2,0
76.545623,-68.904995,7.5,289.2,0
76.545623,-68.904995,7.6,322.7,0
76.545623,-68.904996,7.6,308.7,0
76.545624,-68.904997,7.6,329.7,0
76.545624,-68.904998,7.7,342.8,0
76.545624,-68.904999,7.9,96.8,0
76.545624,-68.905,7.9,261.4,0
76.545624,-68.905001,7.9,190.8,0
76.545624,-68.905003,8,266.3,0
76.545624,-68.905003,8,317.4,0
76.545625,-68.905004,8.1,306.8,0
76.545625,-68.905004,8.2,335.6,0
76.545625,-68.905005,8.2,21.3,0
76.545626,-68.905006,8.2,359.6,0
76.545626,-68.905007,8.3,67.4,0
76.545627,-68.905008,8.4,311.5,0
76.545627,-68.905009,8.4,247.1,0
76.545627,-68.905009,8.5,258,0
76.545628,-68.90501,8.5,286.2,0
76.545628,-68.905011,8.6,338.6,0
76.545628,-68.905012,8.7,303.6,0
76.545628,-68.905013,8.7,282.5,0
76.545629,-68.905013,8.8,330.9,0
76.545629,-68.905015,8.8,302.3,0
76.54563,-68.905016,8.9,308.1,0
76.54563,-68.905018,8.9,295,0
76.545631,-68.905018,9,321.7,0
76.545631,-68.905019,9.1,358.2,0
76.545631,-68.90502,9.2,307.7,0
76.545632,-68.905021,9.3,36.5,0
76.545632,-68.905022,9.3,283.2,0
76.545632,-68.905022,9.3,25.6,0
76.545632,-68.905023,9.4,285.9,0
76.545633,-68.905023,9.4,10,0
76.545633,-68.905025,9.4,292.4,0
76.545634,-68.905025,9.4,58.3,0
76.545634,-68.905028,9.4,292.4,0
76.545639,-68.905014,9.4,66.4,0
76.545639,-68.905017,9.5,296.4,0
76.54564,-68.905015,9.5,87.1,0
76.54564,-68.905018,9.6,294.8,0.1
76.54564,-68.905017,9.6,71.1,0
76.545641,-68.905021,9.6,297.9,0
76.545641,-68.905019,9.7,49.9,0
76.545642,-68.905023,9.7,284.1,0
76.545642,-68.905023,9.8,301.1,0
76.545642,-68.905026,9.8,295.5,0
76.545643,-68.905026,9.7,297.8,0
76.545643,-68.905028,9.6,49.1,0
76.545644,-68.905029,9.7,294,0.1
76.545644,-68.90503,9.7,80.5,0
76.545644,-68.905032,9.8,286.8,0.1
76.545644,-68.905032,9.8,109.8,0
76.545645,-68.905036,9.7,295.8,0.1
76.545645,-68.905036,9.7,103.3,0
76.545645,-68.905041,9.8,293.2,0.1
76.545646,-68.905041,9.8,84.6,0
76.545646,-68.905045,9.8,294.2,0.1
76.545647,-68.905044,9.8,353.8,0
76.545647,-68.905048,9.8,301.8,0
76.545647,-68.905047,9.9,309,0
76.545648,-68.90505,10,340.5,0
76.545648,-68.90505,10.1,276,0
76.545649,-68.905052,10.1,10.1,0
76.545649,-68.905053,10.1,291.8,0
76.54565,-68.905055,10.1,18.8,0
76.54565,-68.905056,10.1,291.7,0.1
76.545651,-68.905057,10.2,68.3,0
76.545651,-68.905059,10.3,289.5,0.1
76.545651,-68.90506,10.3,44.7,0
76.545652,-68.905062,10.2,291.9,0
76.545652,-68.905062,10.3,106,0
76.545652,-68.905064,10.4,297.6,0
76.545653,-68.905063,10.5,73.4,0
76.545653,-68.905066,10.5,299.6,0
76.545654,-68.905066,10.5,89,0
76.545654,-68.905067,10.6,286.8,0
76.545655,-68.905067,10.6,4.3,0
76.545655,-68.905068,10.6,332.1,0
76.545655,-68.905067,10.6,294.6,0
76.545655,-68.905069,10.6,299,0
76.545656,-68.905069,10.7,303.5,0
76.545656,-68.905069,10.8,7.5,0
76.545656,-68.90507,10.8,297.9,0
76.545657,-68.90507,10.8,8.1,0
76.545657,-68.905071,10.8,277,0
76.545658,-68.905072,10.8,52.9,0
76.545658,-68.905073,10.9,278,0
76.545658,-68.905073,10.9,15.2,0
76.545658,-68.905074,10.8,252.6,0
76.545659,-68.905073,10.8,341.1,0
76.545659,-68.905073,10.9,339,0
76.545659,-68.905073,10.9,296.5,0
76.545659,-68.905073,10.9,6.7,0
76.54566,-68.905074,11,268.3,0
76.54566,-68.905074,11,339.2,0
76.545661,-68.905074,11,14.9,0
76.545661,-68.905074,11.1,210.7,0
76.545661,-68.905074,11,314,0
76.545662,-68.905074,11,25.5,0
76.545662,-68.905075,11,291.7,0
76.545662,-68.905075,11.1,357.7,0
76.545662,-68.905074,11.1,286.8,0
76.545662,-68.905075,11.1,253.2,0
76.545662,-68.905076,11.1,285.5,0
76.545662,-68.905076,11.2,35.4,0
76.545663,-68.905077,11.2,345.9,0
76.545663,-68.905077,11.3,323,0
76.545663,-68.905078,11.4,269.1,0
76.545663,-68.905078,11.4,277.8,0
76.545664,-68.905079,11.4,26,0
76.545664,-68.905079,11.4,333.1,0
76.545664,-68.905079,11.5,55.9,0
76.545664,-68.90508,11.5,281.2,0
76.545664,-68.905081,11.4,289.4,0
76.545664,-68.905081,11.5,285.2,0
76.545664,-68.905081,11.5,141.5,0
76.545664,-68.905082,11.5,285.4,0
76.545664,-68.905081,11.5,66.7,0
76.545664,-68.905082,11.6,274.4,0
76.545665,-68.905082,11.6,297.3,0
76.545665,-68.905083,11.6,247.4,0
76.545665,-68.905084,11.6,278.8,0
76.545666,-68.905085,11.5,164.3,0
76.545666,-68.905086,11.5,304.7,0
76.545666,-68.905086,11.6,61.6,0
76.545666,-68.905088,11.6,318.5,0
76.545666,-68.905089,11.6,280.6,0
76.545666,-68.90509,11.6,251.3,0
76.545666,-68.905091,11.6,259.1,0
76.545666,-68.905092,11.7,266.5,0
76.545666,-68.905092,11.7,310,0
76.545666,-68.905092,11.8,285.8,0
76.545666,-68.905093,11.7,220.3,0
76.545666,-68.905094,11.7,241.6,0
76.545666,-68.905094,11.7,291.9,0
76.545666,-68.905094,11.7,224.3,0
76.545666,-68.905094,11.7,248.2,0
76.545666,-68.905094,11.7,184,0
76.545666,-68.905094,11.7,303.1,0
76.545666,-68.905093,11.7,76.9,0
76.545666,-68.905094,11.8,291.8,0
76.545667,-68.905093,11.8,64,0
76.545667,-68.905093,11.9,15.8,0
76.545666,-68.905093,11.9,147.7,0
76.545666,-68.905094,12,217.2,0
76.545666,-68.905093,12.1,228.5,0
76.545666,-68.905093,12.2,312.9,0
76.545666,-68.905093,12.2,344.6,0
76.545666,-68.905093,12.3,346.9,0
76.545666,-68.905093,12.3,281.9,0
76.545666,-68.905092,12.4,45.6,0
76.545666,-68.905091,12.4,238.6,0
76.545666,-68.90509,12.3,192.8,0
76.545666,-68.90509,12.3,57.4,0
76.545666,-68.905089,12.3,134.6,0
76.545666,-68.905088,12.3,92.7,0
76.545666,-68.905086,12.4,219.2,0
76.545666,-68.905085,12.4,247.5,0
76.545665,-68.905084,12.4,198.7,0
76.545665,-68.905082,12.4,99,0
76.545665,-68.905081,12.4,260.9,0
76.545665,-68.905079,12.4,169.1,0
76.545665,-68.905078,12.4,201.6,0
76.545665,-68.905077,12.4,83.3,0
76.545665,-68.905077,12.4,230.6,0
76.545665,-68.905075,12.4,110.9,0
76.545665,-68.905075,12.4,240.8,0
76.545665,-68.905074,12.4,155.7,0
76.545665,-68.905075,12.4,178.8,0
76.545665,-68.905074,12.4,295.5,0
76.545665,-68.905072,12.4,142.4,0
76.545666,-68.905071,12.3,358.3,0
76.545666,-68.905069,12.3,96.1,0
76.545665,-68.905069,12.3,94.5,0
76.545665,-68.905069,12.3,93.4,0
76.545665,-68.905069,12.3,277.9,0
76.545665,-68.905067,12.4,149.1,0
76.545665,-68.905067,12.3,223,0
76.545665,-68.905066,12.3,92.4,0
76.545664,-68.905066,12.3,163.1,0
76.545664,-68.905065,12.3,113.5,0
76.545664,-68.905065,12.4,95.7,0
76.545664,-68.905064,12.4,150.6,0
76.545664,-68.905064,12.4,121.8,0
76.545664,-68.905064,12.4,299.9,0
76.545664,-68.905064,12.3,83.1,0
76.545664,-68.905063,12.3,141.5,0
76.545664,-68.905062,12.3,175.2,0
76.545664,-68.905061,12.3,257.2,0
76.545664,-68.90506,12.3,116.1,0
76.545664,-68.905059,12.2,82.2,0
76.545663,-68.905059,12.1,103.5,0
76.545663,-68.905058,12.1,240.9,0
76.545664,-68.905057,12.1,162.1,0
76.545664,-68.905057,12.1,55.8,0
76.545664,-68.905057,12,147.3,0
76.545664,-68.905058,12,220.1,0
76.545664,-68.905058,11.9,266.3,0
76.545664,-68.905056,11.9,156.1,0
76.545664,-68.905057,12,299.5,0
76.545664,-68.905055,12,257.2,0
76.545665,-68.905055,11.9,331.6,0
76.545665,-68.905055,11.9,265.4,0
76.545665,-68.905054,11.9,261,0
76.545665,-68.905054,11.9,348.1,0
76.545664,-68.905054,11.9,334.5,0
76.545664,-68.905054,11.9,331.2,0
76.545664,-68.905053,11.9,126.8,0
76.545664,-68.905053,11.8,330.5,0
76.545664,-68.905052,11.9,330.9,0
76.545664,-68.905052,11.9,228.1,0
76.545664,-68.905053,11.9,227.8,0
76.545664,-68.905053,11.9,221,0
76.545664,-68.905052,11.9,251.2,0
76.545664,-68.905052,11.8,245.1,0
76.545664,-68.905052,11.8,149.9,0
76.545664,-68.905052,11.8,157.6,0
76.545664,-68.905051,11.8,217.9,0
76.545664,-68.905052,11.8,188.4,0
76.545664,-68.905052,11.8,308.2,0
76.545664,-68.905052,11.8,57.6,0
76.545663,-68.905052,11.8,255.6,0
76.545663,-68.905052,11.8,92.4,0
76.545663,-68.905053,11.8,215,0
76.545663,-68.905052,11.8,186.3,0
76.545662,-68.905053,11.8,214,0
76.545662,-68.905053,11.8,126.8,0
76.545662,-68.905053,11.8,150.3,0
76.545662,-68.905053,11.8,214.3,0
76.545661,-68.905052,11.9,54.8,0
76.545661,-68.905053,11.9,200.7,0
76.545661,-68.905053,11.9,210.5,0
76.54566,-68.905052,11.8,183.3,0
76.54566,-68.905053,11.8,208.9,0
76.54566,-68.905053,11.9,146.4,0
76.54566,-68.905053,11.9,244.2,0
76.545659,-68.905053,11.8,166.5,0
76.545659,-68.905054,11.7,231.8,0
76.545659,-68.905054,11.7,169.2,0
76.545659,-68.905054,11.8,168.4,0
76.545658,-68.905054,11.8,184.2,0
76.545658,-68.905055,11.8,188.8,0
76.545658,-68.905055,11.8,172.1,0
76.545657,-68.905055,11.8,181.9,0
76.545657,-68.905055,11.8,234.5,0
76.545657,-68.905055,11.8,143.9,0
76.545656,-68.905055,11.8,161,0
76.545656,-68.905055,11.8,170.2,0
76.545655,-68.905055,11.8,219.8,0
76.545655,-68.905055,11.8,179.3,0
76.545655,-68.905055,11.8,236.3,0
76.545654,-68.905055,11.7,180.1,0
76.545654,-68.905056,11.7,229.6,0
76.545654,-68.905055,11.6,168.8,0
76.545653,-68.905056,11.6,252.1,0
76.545653,-68.905056,11.5,218.8,0
76.545653,-68.905056,11.4,187.9,0
76.545652,-68.905057,11.4,176.8,0
76.545652,-68.905058,11.4,176,0
76.545652,-68.905059,11.4,199.7,0
76.545651,-68.90506,11.3,188.9,0
76.545651,-68.90506,11.2,218.5,0
76.545651,-68.90506,11.2,164.5,0
76.54565,-68.905062,11.2,234.6,0
76.54565,-68.905063,11.2,181.7,0
76.54565,-68.905064,11.3,204.7,0
76.545649,-68.905064,11.2,243.2,0
76.545649,-68.905064,11.3,154.2,0
76.545649,-68.905064,11.3,216.7,0
76.545648,-68.905064,11.2,197.7,0
76.545648,-68.905065,11.2,207.1,0
76.545648,-68.905066,11.2,265.6,0
76.545647,-68.905065,11.2,176.1,0
76.545647,-68.905066,11.2,239.1,0
76.545646,-68.905067,11.1,230.2,0
76.545646,-68.905068,11.1,215.4,0
76.545646,-68.905068,11.1,191.6,0
76.545646,-68.905069,11.1,197.6,0
76.545646,-68.905071,11,227.7,0
76.545645,-68.905073,11,242.4,0
76.545645,-68.905074,10.9,219.4,0
76.545645,-68.905076,10.9,212.4,0
76.545645,-68.905078,10.9,96.6,0
76.545645,-68.90508,10.9,264.8,0
76.545645,-68.905082,10.8,222,0
76.545645,-68.905083,10.8,261.4,0
76.545644,-68.905085,10.7,276.3,0
76.545644,-68.905086,10.7,262.2,0
76.545644,-68.905088,10.8,280.3,0
76.545644,-68.90509,10.9,243.9,0
76.545644,-68.905091,10.9,262.1,0
76.545644,-68.905092,11,233.9,0
76.545643,-68.905094,10.9,274.7,0
76.545643,-68.905094,10.9,225.1,0
76.545643,-68.905096,11,247.6,0
76.545643,-68.905096,11,268.6,0
76.545643,-68.905097,11,237.8,0
76.545643,-68.905098,11,245.7,0
76.545643,-68.905099,11,272.1,0
76.545643,-68.905101,11,320.1,0
76.545643,-68.905102,10.9,282.9,0
76.545643,-68.905103,10.9,11.8,0
76.545643,-68.905104,10.8,270.6,0
76.545643,-68.905105,10.8,307,0
76.545643,-68.905106,10.8,188.7,0
76.545643,-68.905107,10.8,301,0
76.545643,-68.905108,10.7,317.2,0
76.545643,-68.90511,10.8,278,0
76.545643,-68.90511,10.8,147.6,0
76.545643,-68.905111,10.8,272.8,0
76.545644,-68.905111,10.8,344.1,0
76.545644,-68.905112,10.8,352.7,0
76.545644,-68.905112,10.8,334.5,0
76.545644,-68.905113,10.9,306.7,0
76.545644,-68.905113,11,298.4,0
76.545645,-68.905112,11.1,66.6,0
76.545645,-68.905113,11.1,341.2,0
76.545645,-68.905113,11.2,310.1,0
76.545645,-68.905113,11.3,24.9,0
76.545646,-68.905114,11.3,343.1,0
76.545646,-68.905114,11.4,329,0
76.545646,-68.905114,11.5,276.6,0
76.545646,-68.905114,11.5,277.8,0
76.545646,-68.905114,11.5,295.3,0
76.545646,-68.905113,11.6,109.9,0
76.545646,-68.905114,11.6,317,0
76.545646,-68.905113,11.7,320.5,0
76.545646,-68.905113,11.7,9.4,0
76.545646,-68.905113,11.7,308.6,0
76.545646,-68.905113,11.7,344.5,0
76.545646,-68.905113,11.8,278.9,0
76.545646,-68.905113,11.9,279.5,0
76.545647,-68.905113,12,38.2,0
76.545647,-68.905113,12,14.4,0
76.545647,-68.905114,12,4.9,0
76.545647,-68.905114,12,340.1,0
76.545647,-68.905114,12.1,287.6,0
76.545648,-68.905114,12.1,313.3,0
76.545648,-68.905115,12.1,285.7,0
76.545648,-68.905115,12.1,328.7,0
76.545649,-68.905116,12.1,295.7,0
76.545649,-68.905115,12.1,64.8,0
76.54565,-68.905115,12.2,318.2,0
76.54565,-68.905115,12.2,9.4,0
76.54565,-68.905115,12.3,339.6,0
76.545651,-68.905116,12.3,10.7,0
76.545651,-68.905116,12.4,341.2,0
76.545651,-68.905116,12.4,326.8,0
76.545651,-68.905116,12.5,309.2,0
76.545651,-68.905115,12.6,315.2,0
76.545652,-68.905116,12.8,320.5,0
76.545652,-68.905115,12.9,350.2,0
76.545652,-68.905115,13,357.4,0
76.545652,-68.905114,13,72.6,0
76.545652,-68.905114,13.1,314.1,0
76.545653,-68.905113,13.2,38.3,0
76.545653,-68.905112,13.3,10.9,0
76.545653,-68.905111,13.4,97.9,0
76.545653,-68.905111,13.5,134.4,0
76.545653,-68.90511,13.5,92.8,0
76.545653,-68.905109,13.6,301.3,0
76.545654,-68.905108,13.7,63.9,0
76.545654,-68.905108,13.7,72.7,0
76.545654,-68.905106,13.8,15.8,0
76.545654,-68.905105,13.9,109.2,0
76.545654,-68.905104,14,31.2,0
76.545655,-68.905103,14,83,0
76.545655,-68.905102,14,351.4,0
76.545655,-68.905101,14.1,82,0
76.545655,-68.9051,14.2,1,0
76.545655,-68.905099,14.3,128.3,0
76.545656,-68.905098,14.4,11.4,0
76.545656,-68.905097,14.4,25.2,0
76.545656,-68.905096,14.3,279.2,0
76.545656,-68.905094,14.4,68.2,0
76.545657,-68.905093,14.5,55.9,0
76.545657,-68.905092,14.6,25,0
76.545657,-68.905092,14.7,38,0
76.545657,-68.905091,14.7,15.8,0
76.545658,-68.905089,14.7,74.8,0
76.545658,-68.905088,14.8,85,0
76.545658,-68.905086,14.9,52.5,0
76.545659,-68.905085,14.9,318.8,0
76.545659,-68.905084,15,194.6,0
76.545659,-68.905084,15.1,96.6,0
76.545659,-68.905083,15.1,153,0
76.54566,-68.905083,15.2,24.5,0
76.54566,-68.905082,15.2,329.6,0
76.54566,-68.905081,15.2,115.7,0
76.54566,-68.905081,15.3,308.7,0
76.545661,-68.905081,15.3,348.7,0
76.545661,-68.905081,15.4,264.4,0
76.545661,-68.90508,15.4,80.7,0
76.545661,-68.90508,15.4,340.7,0
76.545661,-68.905079,15.5,15.9,0
76.545661,-68.905079,15.6,352.8,0
76.545662,-68.905078,15.7,78.3,0
76.545662,-68.905078,15.7,9.5,0
76.545662,-68.905077,15.8,46,0
76.545662,-68.905077,15.8,331.6,0
76.545662,-68.905076,15.9,325.8,0
76.545663,-68.905075,16,22.6,0
76.545663,-68.905075,16,359,0
76.545663,-68.905074,16,17.2,0
76.545663,-68.905073,16,12.6,0
76.545663,-68.905072,16,99.5,0
76.545664,-68.905072,16,24.5,0
76.545664,-68.905072,16.1,24.4,0
76.545664,-68.905072,16.1,316.6,0
76.545665,-68.905069,16.1,351.4,0
76.545665,-68.90507,16.1,214.9,0
76.545665,-68.90507,16.1,324.4,0
76.545665,-68.905069,16.1,88.7,0
76.545665,-68.905069,16.1,259.2,0
76.545665,-68.905068,16.1,99.5,0
76.545665,-68.905069,16.1,67.1,0
76.545666,-68.905064,16.2,40.1,0
76.545666,-68.905063,16.3,259.7,0
76.545666,-68.905062,16.3,55.3,0
76.545667,-68.905061,16.3,33.8,0
76.545667,-68.905061,16.3,245.1,0
76.545667,-68.90506,16.3,38.4,0
76.545667,-68.905059,16.3,326.6,0
76.545667,-68.905058,16.3,0.1,0
76.545667,-68.905057,16.4,315.7,0
76.545667,-68.905056,16.3,26.5,0
76.545668,-68.905055,16.3,2.6,0
76.545668,-68.905055,16.3,115.1,0
76.545668,-68.905054,16.4,259.6,0
76.545668,-68.905054,16.4,63.8,0
76.545668,-68.905054,16.5,283.8,0
76.545668,-68.905052,16.4,65.7,0
76.545668,-68.905051,16.4,341.9,0
76.545668,-68.905051,16.4,291.5,0
76.545668,-68.905051,16.4,321.3,0
76.545668,-68.905051,16.4,357.2,0
76.545668,-68.90505,16.4,92.7,0
76.545668,-68.905051,16.4,235.1,0
76.545668,-68.905051,16.5,253.6,0
76.545668,-68.905051,16.5,357.4,0
76.545668,-68.905051,16.5,4.6,0
76.545668,-68.905052,16.5,16.5,0
76.545668,-68.905052,16.5,271.3,0
76.545668,-68.905053,16.5,100.1,0
76.545668,-68.905054,16.5,279.8,0
76.545668,-68.905054,16.6,232.8,0
76.545668,-68.905055,16.6,326.7,0
76.545668,-68.905055,16.6,18,0
76.545668,-68.905056,16.6,258.9,0
76.545668,-68.905057,16.6,248,0
76.545668,-68.905058,16.6,258.4,0
76.545668,-68.905058,16.5,156.7,0
76.545668,-68.905058,16.5,243.8,0
76.545667,-68.905059,16.5,250.2,0
76.545667,-68.90506,16.5,203.1,0
76.545667,-68.905061,16.5,226.3,0
76.545667,-68.905061,16.5,225.7,0
76.545666,-68.905061,16.6,305.1,0
76.545666,-68.905062,16.5,214.9,0
76.545666,-68.905063,16.5,268.4,0
76.545666,-68.905062,16.5,90.5,0
76.545666,-68.905063,16.4,283.8,0
76.545665,-68.905064,16.4,223.7,0
76.545665,-68.905066,16.4,320.4,0
76.545665,-68.905066,16.4,240.1,0
76.545665,-68.905066,16.3,289.3,0
76.545665,-68.905066,16.3,188,0
76.545665,-68.905068,16.2,247.3,0
76.545665,-68.905069,16.2,297.5,0
76.545665,-68.90507,16.1,253.9,0
76.545664,-68.90507,16,243.4,0
76.545664,-68.905071,16,228.5,0
76.545664,-68.905071,15.9,272.6,0
76.545664,-68.905073,15.9,239.8,0
76.545664,-68.905074,15.8,258.6,0
76.545664,-68.905074,15.7,173.5,0
76.545664,-68.905076,15.7,258.1,0
76.545663,-68.905075,15.6,104.2,0
76.545663,-68.905076,15.5,292.6,0
76.545663,-68.905076,15.5,89.2,0
76.545663,-68.905078,15.5,277.2,0
76.545663,-68.905079,15.4,227.7,0
76.545662,-68.905081,15.4,262.5,0
76.545662,-68.905081,15.4,208.4,0
76.545662,-68.905082,15.4,267.5,0
76.545662,-68.905083,15.3,216.1,0
76.545661,-68.905086,15.3,243,0
76.545661,-68.905087,15.2,248.3,0
76.545661,-68.905088,15.2,247.8,0
76.545661,-68.905089,15.2,260.2,0
76.54566,-68.90509,15.1,256.6,0
76.54566,-68.905091,15.1,241.2,0
76.54566,-68.905092,15.1,217.9,0
76.54566,-68.905094,15.1,269.2,0
76.54566,-68.905095,15,251.4,0
76.545659,-68.905097,15,254.2,0
76.545659,-68.905097,14.9,264.8,0
76.545659,-68.9051,14.9,258.6,0
76.545659,-68.9051,14.9,260.8,0
76.545659,-68.905103,14.9,251.7,0
76.545659,-68.905105,14.8,266.5,0
76.545658,-68.905107,14.8,243.7,0
76.545658,-68.905107,14.8,250.9,0
76.545658,-68.905109,14.7,222.2,0
76.545657,-68.905115,14.7,250.7,0
76.545657,-68.905118,14.7,244.7,0
76.545657,-68.90512,14.7,269.3,0
76.545657,-68.905122,14.6,93.3,0
76.545657,-68.905125,14.6,267.3,0.1
76.545657,-68.905126,14.6,148.1,0
76.545657,-68.90513,14.6,268.1,0.1
76.545656,-68.90513,14.6,148.9,0
76.545656,-68.905134,14.6,272.3,0.1
76.545656,-68.905135,14.5,153.7,0
76.545656,-68.905139,14.5,269.7,0
76.545655,-68.90514,14.5,221.2,0
76.545655,-68.905142,14.5,284.5,0
76.545655,-68.905144,14.5,257.6,0.1
76.545655,-68.905147,14.5,177.5,0
76.545655,-68.905149,14.5,265.5,0
76.545655,-68.90515,14.5,135.6,0
76.545655,-68.905154,14.4,260.7,0
76.545654,-68.905154,14.4,92.5,0
76.545654,-68.905158,14.4,272.1,0
76.545654,-68.905158,14.3,190.7,0
76.545654,-68.905161,14.3,276.3,0
76.545654,-68.905161,14.3,228.5,0
76.545654,-68.905164,14.2,255.5,0
76.545654,-68.905164,14.2,149.5,0
76.545654,-68.905167,14.2,253.2,0
76.545654,-68.905167,14.2,215.9,0
76.545653,-68.90517,14.1,243.8,0
76.545653,-68.905171,14.1,235.2,0
76.545653,-68.905174,14.2,166.7,0
76.545653,-68.905176,14.2,242.6,0
76.545653,-68.905178,14.2,197.2,0
76.545652,-68.905179,14.2,274.9,0
76.545652,-68.905181,14.2,165.9,0
76.545652,-68.905183,14.2,258.4,0
76.545652,-68.905185,14.2,191.4,0
76.545652,-68.905187,14.3,250.7,0
76.545651,-68.905188,14.3,203.1,0
76.545651,-68.905191,14.3,282.8,0
76.545651,-68.905192,14.3,260,0
76.545651,-68.905194,14.4,249.7,0
76.54565,-68.905195,14.4,222,0
76.54565,-68.905197,14.5,231.4,0
76.54565,-68.905198,14.5,216.4,0
76.54565,-68.9052,14.5,191.5,0
76.545649,-68.905202,14.5,257.7,0
76.545649,-68.905204,14.6,253.5,0
76.545649,-68.905206,14.6,202.7,0
76.545649,-68.905208,14.5,231.1,0
76.545648,-68.90521,14.5,239.5,0
76.545648,-68.905212,14.5,242.5,0
76.545647,-68.905213,14.5,242.4,0
76.545647,-68.905215,14.5,218.1,0
76.545647,-68.905217,14.5,258.6,0
76.545646,-68.905218,14.5,253.8,0
76.545646,-68.90522,14.5,264,0
76.545646,-68.90522,14.6,334.2,0
76.545646,-68.905222,14.5,290.7,0
76.545646,-68.905223,14.5,302.9,0
76.545646,-68.905224,14.5,220,0
76.545646,-68.905225,14.5,267.5,0
76.545645,-68.905226,14.6,256.9,0
76.545645,-68.905228,14.7,248.7,0
76.545645,-68.905228,14.8,251.2,0
76.545645,-68.905229,14.8,282.5,0
76.545645,-68.905229,14.9,286.3,0
76.545644,-68.905233,14.9,236.7,0
76.545644,-68.905233,15,266,0
76.545644,-68.905234,15,250.8,0
76.545644,-68.905235,15.1,299.7,0
76.545644,-68.905234,15.1,315.2,0
76.545644,-68.905234,15.1,247,0
76.545643,-68.905235,15.1,274.4,0
76.545643,-68.905235,15.2,260,0
76.545643,-68.905236,15.2,241.3,0
76.545643,-68.905236,15.2,273.5,0
76.545643,-68.905236,15.3,110.6,0
76.545643,-68.905237,15.3,312.2,0
76.545643,-68.905237,15.3,196.7,0
76.545643,-68.905238,15.3,274.5,0
76.545643,-68.905238,15.3,216.4,0
76.545643,-68.905239,15.4,232.1,0
76.545643,-68.90524,15.4,201.4,0
76.545643,-68.905241,15.5,158.5,0
76.545643,-68.905241,15.5,158.5,0
76.545643,-68.90524,15.6,8.8,0
76.545643,-68.90524,15.6,94.1,0
76.545643,-68.905241,15.7,328.3,0
76.545643,-68.905242,15.8,254.7,0
76.545643,-68.905243,15.9,234.9,0
76.545643,-68.905244,15.9,230.6,0
76.545643,-68.905245,16,252.8,0
76.545643,-68.905246,16,231.2,0
76.545643,-68.905247,16.1,224.3,0
76.545643,-68.905247,16.2,172.4,0
76.545643,-68.905247,16.2,125.9,0
76.545643,-68.905248,16.2,228.3,0
76.545643,-68.905249,16.3,323,0
76.545643,-68.90525,16.4,318.5,0
76.545643,-68.90525,16.4,102.2,0
76.545643,-68.905249,16.4,271.4,0
76.545643,-68.905249,16.4,309,0
76.545643,-68.905249,16.4,305,0
76.545643,-68.90525,16.5,94.2,0
76.545643,-68.90525,16.5,241.5,0
76.545643,-68.905251,16.5,26.6,0
76.545643,-68.905252,16.5,341,0
76.545643,-68.905252,16.5,341,0
76.545643,-68.905253,16.5,32.6,0
76.545642,-68.905253,16.6,160.6,0
76.545642,-68.905254,16.6,119.5,0
76.545642,-68.905254,16.6,97,0
76.545642,-68.905254,16.6,206.1,0
76.545642,-68.905256,16.7,284.3,0
76.545642,-68.905256,16.7,282.6,0
76.545642,-68.905258,16.8,219.2,0
76.545642,-68.905257,16.8,255.5,0
76.545642,-68.905258,16.9,25.8,0
76.545642,-68.905258,17,301.2,0
76.545642,-68.905257,17,219.7,0
76.545642,-68.905257,17,264.7,0
76.545642,-68.905257,17,264.7,0
76.545642,-68.905256,17,329.6,0
76.545642,-68.905256,17,253.8,0
76.545642,-68.905256,17,179.5,0
76.545642,-68.905255,17,343.8,0
76.545642,-68.905254,17,294.3,0
76.545642,-68.905254,17,182.3,0
76.545642,-68.905254,17.1,359,0
76.545642,-68.905255,17.1,296.2,0
76.545642,-68.905255,17.1,317.2,0
76.545642,-68.905255,17.1,317.2,0
76.545642,-68.905254,17.2,258.1,0
76.545642,-68.905253,17.2,310.3,0
76.545642,-68.905253,17.2,27.6,0
76.545642,-68.905253,17.2,327.3,0
76.545642,-68.905252,17.3,71.7,0
76.545642,-68.905252,17.3,289.9,0
76.545642,-68.905251,17.3,99,0
76.545642,-68.905251,17.3,14.1,0
76.545642,-68.905252,17.4,335.5,0
76.545642,-68.905252,17.4,324.8,0
76.545642,-68.905251,17.4,55.6,0
76.545642,-68.905252,17.4,299.3,0
76.545642,-68.905253,17.4,316,0
76.545642,-68.905254,17.4,352.7,0
76.545642,-68.905254,17.4,345.9,0
76.545643,-68.905254,17.5,322.1,0
76.545642,-68.905255,17.5,314.8,0
76.545643,-68.905255,17.6,271.3,0
76.545643,-68.905256,17.6,280.1,0
76.545643,-68.905256,17.5,283.8,0
76.545643,-68.905255,17.6,313.4,0
76.545643,-68.905255,17.6,302.4,0
76.545643,-68.905255,17.6,336.9,0
76.545644,-68.905256,17.6,340.2,0
76.545644,-68.905255,17.5,342.4,0
76.545644,-68.905254,17.5,4.2,0
76.545644,-68.905253,17.5,284.9,0
76.545644,-68.905253,17.5,101,0
76.545644,-68.905254,17.5,302.4,0
76.545644,-68.905253,17.4,88.5,0
76.545644,-68.905254,17.4,310.4,0
76.545644,-68.905253,17.4,106.9,0
76.545644,-68.905253,17.4,18.4,0
76.545645,-68.905253,17.4,32.4,0
76.545645,-68.905253,17.4,30.5,0
76.545646,-68.905253,17.4,340.5,0
76.545646,-68.905253,17.4,32.8,0
76.545646,-68.905253,17.3,357.1,0
76.545646,-68.905253,17.3,62,0
76.545646,-68.905253,17.3,41.8,0
76.545647,-68.905252,17.3,39.6,0
76.545647,-68.905252,17.3,6.8,0
76.545647,-68.905252,17.3,56.4,0
76.545647,-68.905252,17.3,2.8,0
76.545647,-68.905252,17.3,18.1,0
76.545648,-68.905252,17.3,49.8,0
76.545648,-68.905252,17.3,332.5,0
76.545648,-68.905252,17.3,26.5,0
76.545648,-68.905252,17.3,39.2,0
76.545648,-68.905252,17.2,287.6,0
76.545649,-68.905251,17.2,55.1,0
76.545649,-68.905249,17.2,55.2,0
76.545649,-68.905248,17.2,298.3,0
76.545649,-68.905248,17.2,59.6,0
76.545649,-68.905248,17.1,108.6,0
76.545649,-68.905248,17.1,48.6,0
76.54565,-68.905248,17.1,14.1,0
76.54565,-68.905247,17.1,74.3,0
76.545651,-68.905247,17.1,74.8,0
76.545651,-68.905247,17,44.5,0
76.545651,-68.905246,17,37.7,0
76.545651,-68.905246,17,355,0
76.545651,-68.905246,17,67.3,0
76.545651,-68.905247,17,301.1,0
76.545652,-68.905247,17,348.4,0
76.545652,-68.905247,17,72.3,0
76.545652,-68.905247,17,326.7,0
76.545652,-68.905247,17.1,110.7,0
76.545652,-68.905247,17,48,0
76.545652,-68.905248,17.1,131,0
76.545652,-68.905247,17.1,35.6,0
76.545652,-68.905247,17.1,83.7,0
76.545652,-68.905247,17.1,49.7,0
76.545653,-68.905247,17,37.9,0
76.545653,-68.905248,17,328.6,0
76.545653,-68.905247,17,359.5,0
76.545653,-68.905247,17.1,69.5,0
76.545653,-68.905247,17.1,14.4,0
76.545653,-68.905246,17.1,53.8,0
76.545653,-68.905247,17.1,346.4,0
76.545653,-68.905247,17.2,116,0
76.545653,-68.905247,17.2,88.2,0
76.545653,-68.905246,17.2,43.1,0
76.545654,-68.905247,17.2,283.9,0
76.545654,-68.905246,17.2,175,0
76.545654,-68.905247,17.3,296.4,0
76.545654,-68.905245,17.3,186.1,0
76.545654,-68.905245,17.3,114.2,0
76.545654,-68.905244,17.3,208.7,0
76.545654,-68.905244,17.3,149,0
76.545654,-68.905244,17.3,255.9,0
76.545653,-68.905242,17.3,105.5,0
76.545653,-68.905241,17.3,286.7,0
76.545653,-68.90524,17.3,119.4,0
76.545653,-68.905241,17.3,291.5,0
76.545654,-68.90524,17.4,81.6,0
76.545654,-68.90524,17.5,290.9,0
76.545654,-68.905238,17.6,102.4,0
76.545654,-68.905239,17.6,27.9,0
76.545654,-68.905238,17.7,44.4,0
76.545654,-68.905238,17.7,92.1,0
76.545654,-68.905237,17.9,189.7,0
76.545654,-68.905237,17.9,140.7,0
76.545653,-68.905237,18,192.2,0
76.545653,-68.905238,18,112.4,0
76.545653,-68.905239,18.1,261.8,0
76.545653,-68.905239,18.1,134.5,0
76.545652,-68.90524,18.1,270.7,0
76.545652,-68.905239,18.2,119.7,0
76.545652,-68.905241,18.2,268.9,0
76.545652,-68.90524,18.3,119.5,0
76.545652,-68.905242,18.3,253.8,0
76.545652,-68.905241,18.3,101.7,0
76.545651,-68.905242,18.4,143,0
76.545651,-68.905242,18.4,198.6,0
76.545651,-68.905243,18.4,159.9,0
76.54565,-68.905243,18.3,241.5,0
76.54565,-68.905244,18.4,142.4,0
76.54565,-68.905244,18.4,208.7,0
76.545649,-68.905244,18.4,174,0
76.545649,-68.905244,18.4,178.1,0
76.545648,-68.905244,18.4,150.3,0
76.545648,-68.905245,18.4,229.8,0
76.545648,-68.905244,18.4,142.4,0
76.545647,-68.905245,18.4,219.6,0
76.545647,-68.905244,18.5,163.9,0
76.545646,-68.905246,18.5,225.1,0
76.545646,-68.905245,18.5,154,0
76.545646,-68.905246,18.5,188.2,0
76.545645,-68.905246,18.5,179,0
76.545645,-68.905246,18.6,175.8,0
76.545644,-68.905246,18.6,154,0
76.545644,-68.905245,18.7,157.3,0
76.545643,-68.905245,18.7,206,0
76.545643,-68.905245,18.7,177.7,0
76.545642,-68.905244,18.8,229.9,0
76.545641,-68.905244,18.8,137.2,0
76.545641,-68.905243,18.8,225.7,0
76.54564,-68.905243,18.9,161,0
76.54564,-68.905242,18.9,214.3,0
76.545639,-68.905241,19,166.3,0
76.545638,-68.90524,19,164.4,0
76.545638,-68.90524,19.1,156,0
76.545637,-68.905239,19.1,173.8,0
76.545637,-68.905239,19,180.8,0
76.545636,-68.905239,19,202.7,0
76.545635,-68.905238,19.1,188.4,0
76.545635,-68.905238,19.1,201.4,0
76.545634,-68.905237,19.1,156.4,0
76.545633,-68.905237,19.1,178.4,0
76.545633,-68.905236,19.1,163.9,0
76.545632,-68.905236,19.1,179.3,0
76.545632,-68.905235,19.1,170.9,0
76.545631,-68.905235,19.1,179.1,0
76.545631,-68.905234,19.1,185,0
76.54563,-68.905234,19.1,165.6,0
76.54563,-68.905233,19.1,203.7,0
76.54563,-68.905233,19,161.3,0
76.545629,-68.905233,19,166.6,0
76.545629,-68.905233,18.9,190.6,0
76.545628,-68.905231,18.9,141.4,0
76.545628,-68.905232,19,204.2,0
76.545627,-68.905231,19,211,0
76.545627,-68.905232,19,222.1,0
76.545627,-68.905231,19,164.7,0
76.545626,-68.905231,19,178.4,0
76.545626,-68.90523,19,165.3,0
76.545625,-68.90523,19,171.8,0
76.545625,-68.905229,18.9,156.6,0
76.545624,-68.905229,18.9,142.6,0
76.545624,-68.905227,18.9,228.9,0
76.545624,-68.905227,18.8,150.3,0
76.545624,-68.905227,18.8,259.5,0
76.545623,-68.905228,18.7,136.1,0
76.545623,-68.905228,18.6,257.1,0
76.545623,-68.905228,18.5,115.3,0
76.545623,-68.905229,18.5,275.7,0
76.545623,-68.905228,18.5,122.8,0
76.545623,-68.905229,18.4,261,0
76.545622,-68.905228,18.4,145.7,0
76.545622,-68.905228,18.4,257,0
76.545622,-68.905227,18.3,74.3,0
76.545622,-68.905227,18.3,135.6,0
76.545622,-68.905226,18.3,222.4,0
76.545622,-68.905227,18.2,221.3,0
76.545622,-68.905227,18.1,270.5,0
76.545622,-68.905227,18,127.8,0
76.545622,-68.905228,18,277.7,0
76.545622,-68.905228,18,125.3,0
76.545622,-68.905229,18,275.3,0
76.545622,-68.905229,17.9,11.5,0
76.545622,-68.90523,17.9,287,0
76.545622,-68.90523,17.8,46.9,0
76.545622,-68.905231,17.8,266.5,0
76.545622,-68.90523,17.8,312.5,0
76.545622,-68.905231,17.7,144,0
76.545622,-68.905231,17.6,292,0
76.545622,-68.905232,17.5,49.6,0
76.545622,-68.905234,17.4,285.7,0
76.545622,-68.905234,17.4,65.4,0
76.545622,-68.905236,17.3,316.9,0
76.545622,-68.905237,17.3,276.2,0
76.545622,-68.905238,17.3,328.4,0
76.545622,-68.905238,17.2,65,0
76.545622,-68.90524,17.2,309.5,0
76.545622,-68.90524,17.2,205.8,0
76.545622,-68.905242,17.2,52.8,0
76.545622,-68.905241,17.2,256.1,0
76.545623,-68.905243,17.1,186.6,0
76.545623,-68.905243,17.2,252.6,0
76.545623,-68.905243,17.2,82.9,0
76.545623,-68.905244,17.2,304,0
76.545623,-68.905244,17.1,101,0
76.545624,-68.905245,17.1,293.1,0
76.545624,-68.905245,17.1,75.5,0
76.545624,-68.905246,17.1,312.3,0
76.545624,-68.905246,17.1,102,0
76.545624,-68.905247,17.1,316.6,0
76.545624,-68.905246,17.1,98.9,0
76.545625,-68.905247,17.1,332.3,0
76.545625,-68.905246,17.1,8.2,0
76.545625,-68.905246,17.1,12.3,0
76.545625,-68.905245,17.1,279.8,0
76.545625,-68.905245,17,144.9,0
76.545625,-68.905245,17,313.7,0
76.545625,-68.905245,16.9,90.5,0
76.545626,-68.905245,16.9,280.5,0
76.545626,-68.905245,16.9,100.7,0
76.545626,-68.905245,16.9,292.3,0
76.545626,-68.905244,16.9,83.3,0
76.545626,-68.905245,16.9,279.1,0
76.545626,-68.905244,16.9,94.5,0
76.545626,-68.905245,16.9,305,0
76.545626,-68.905244,17,139.2,0
76.545626,-68.905244,17,287.4,0
76.545626,-68.905244,17,279.6,0
76.545627,-68.905244,17,282,0
76.545626,-68.905245,16.9,271.5,0
76.545627,-68.905246,16.9,274.3,0
76.545627,-68.905246,16.9,309,0
76.545627,-68.905247,16.8,147.7,0
76.545627,-68.905248,16.8,306.5,0
76.545627,-68.905247,16.8,48.1,0
76.545628,-68.905248,16.8,320.6,0
76.545628,-68.905247,16.8,70.9,0
76.545628,-68.905247,16.8,8.2,0
76.545628,-68.905246,16.7,6.9,0
76.545628,-68.905248,16.7,303.4,0
76.545628,-68.905248,16.6,283.7,0
76.545629,-68.90525,16.6,309.5,0
76.545629,-68.905251,16.5,284.1,0
76.545629,-68.905252,16.5,258.4,0
76.545629,-68.905252,16.5,315.2,0
76.545629,-68.905253,16.4,72.2,0
76.54563,-68.905254,16.4,304.3,0
76.54563,-68.905254,16.5,50.9,0
76.54563,-68.905254,16.5,326.8,0
76.54563,-68.905253,16.4,117.8,0
76.545631,-68.905255,16.4,312,0
76.545631,-68.905256,16.3,36.3,0
76.545632,-68.905257,16.3,338.3,0
76.545632,-68.905257,16.3,341.2,0
76.545632,-68.905257,16.3,359.5,0
76.545633,-68.905257,16.2,24.2,0
76.545633,-68.905258,16.2,310,0
76.545634,-68.905259,16.2,348.4,0
76.545634,-68.90526,16.3,8.2,0
76.545634,-68.905259,16.2,347.9,0
76.545635,-68.905259,16.2,13.7,0
76.545635,-68.905259,16.2,6.5,0
76.545636,-68.90526,16.2,290.5,0
76.545636,-68.905261,16.2,294.7,0
76.545637,-68.905262,16.2,270.1,0
76.545637,-68.905262,16.2,294,0
76.545637,-68.905263,16.2,315.2,0
76.545638,-68.905265,16.2,325.9,0
76.545638,-68.905266,16.2,351,0
76.545638,-68.905267,16.2,328.5,0
76.545639,-68.905267,16.2,334.4,0
76.545639,-68.905268,16.2,341.5,0
76.545639,-68.905268,16.2,322,0
76.54564,-68.90527,16.2,9.1,0
76.54564,-68.90527,16.2,305.7,0
76.545641,-68.905271,16.2,18.7,0
76.545641,-68.905272,16.2,293.3,0
76.545641,-68.905273,16.2,321,0
76.545642,-68.905275,16.2,345.4,0
76.545643,-68.905276,16.2,354.5,0
76.545643,-68.905278,16.2,338,0
76.545644,-68.905278,16.3,17.9,0
76.545645,-68.905279,16.3,354.5,0
76.545645,-68.905279,16.3,7,0
76.545645,-68.90528,16.4,353.6,0
76.545646,-68.905282,16.4,334.6,0
76.545647,-68.905284,16.4,21.4,0
76.545647,-68.905287,16.4,318.9,0
76.545648,-68.905288,16.5,348.7,0
76.545648,-68.90529,16.5,331.8,0
76.545649,-68.905291,16.5,323.3,0
76.545649,-68.905294,16.6,354.4,0
76.54565,-68.905296,16.6,314.1,0
76.545651,-68.905297,16.7,327.5,0
76.545651,-68.905299,16.8,302.5,0
76.545652,-68.9053,16.8,335.6,0
76.545652,-68.905302,16.8,331.7,0
76.545653,-68.905303,16.9,3.3,0
76.545653,-68.905306,16.9,333.3,0
76.545654,-68.905307,17,7.3,0
76.545654,-68.905309,17,337.3,0
76.545654,-68.905309,17.1,266.9,0
76.545655,-68.905311,17.1,322.6,0
76.545655,-68.905313,17.1,305.3,0
76.545656,-68.905313,17.2,28,0
76.545656,-68.905314,17.3,328.6,0
76.545656,-68.905314,17.3,46.6,0
76.545657,-68.905316,17.3,306.7,0
76.545657,-68.905317,17.3,326.6,0
76.545658,-68.905319,17.3,313.9,0
76.545658,-68.905319,17.3,13.4,0
76.545659,-68.905319,17.3,302,0
76.545659,-68.905319,17.4,6,0
76.54566,-68.905319,17.4,352.4,0
76.545661,-68.905319,17.5,12.5,0
76.545661,-68.905318,17.5,40.8,0
76.545662,-68.905319,17.6,315.2,0
76.545662,-68.905319,17.7,307.1,0
76.545662,-68.905319,17.7,321.8,0
76.545663,-68.905318,17.8,52.5,0
76.545663,-68.905319,17.9,0.4,0
76.545664,-68.90532,17.9,76.8,0
76.545664,-68.90532,18,326.3,0
76.545664,-68.905319,18.1,57.5,0
76.545664,-68.905318,18.1,79.1,0
76.545665,-68.905317,18.2,46.1,0
76.545665,-68.905318,18.2,300.1,0
76.545665,-68.905318,18.3,104.6,0
76.545665,-68.905318,18.4,62,0
76.545666,-68.905317,18.4,35.3,0
76.545666,-68.905317,18.5,153,0
76.545666,-68.905316,18.6,101,0
76.545666,-68.905316,18.7,106.2,0
76.545666,-68.905315,18.8,83.3,0
76.545666,-68.905314,18.9,73.9,0
76.545666,-68.905314,18.9,332,0
76.545666,-68.905314,18.9,93,0
76.545666,-68.905313,18.9,59.7,0
76.545666,-68.905313,19,130.9,0
76.545666,-68.905312,19,323.6,0
76.545666,-68.905312,19.1,103.9,0
76.545666,-68.905312,19.2,337.5,0
76.545666,-68.905311,19.3,56.6,0
76.545666,-68.90531,19.3,101.6,0
76.545667,-68.90531,19.3,316.4,0
76.545666,-68.905309,19.2,94.4,0
76.545666,-68.90531,19.1,133.1,0
76.545666,-68.90531,19.1,326.7,0
76.545666,-68.90531,19.2,98.9,0
76.545667,-68.905311,19.3,345.9,0
76.545667,-68.905311,19.4,296.4,0
76.545667,-68.905311,19.4,51.1,0
76.545667,-68.90531,19.5,112.5,0
76.545667,-68.905311,19.5,265.7,0
76.545667,-68.905311,19.4,3.7,0
76.545668,-68.905312,19.4,105.7,0
76.545668,-68.905314,19.4,331.6,0
76.545668,-68.905314,19.4,272.5,0
76.545669,-68.905315,19.5,309.8,0
76.545669,-68.905316,19.5,356.6,0
76.545669,-68.905317,19.6,297,0
76.54567,-68.905318,19.6,279.7,0
76.54567,-68.905318,19.6,291.3,0
76.54567,-68.90532,19.5,41.5,0
76.545671,-68.905322,19.5,286.1,0
76.545671,-68.905323,19.5,305.1,0
76.545671,-68.905325,19.5,303,0
76.545672,-68.905326,19.6,13.2,0
76.545672,-68.905328,19.6,348.1,0
76.545672,-68.905329,19.6,49.4,0
76.545672,-68.90533,19.6,266.7,0
76.545673,-68.905331,19.6,301.2,0
76.545673,-68.905332,19.6,330.7,0
76.545673,-68.905334,19.6,279.3,0
76.545674,-68.905335,19.6,322.7,0
76.545674,-68.905335,19.7,58.6,0
76.545674,-68.905337,19.8,342.9,0
76.545674,-68.905338,19.9,58.2,0
76.545674,-68.905341,19.9,50.5,0
76.545674,-68.905341,19.8,338.3,0
76.545674,-68.905343,19.9,356.3,0
76.545674,-68.905344,19.8,302.9,0
76.545675,-68.905346,19.9,292.4,0
76.545675,-68.905347,19.8,285.5,0
76.545676,-68.905349,19.9,326.6,0
76.545676,-68.90535,19.9,308.2,0
76.545676,-68.905351,19.9,264.6,0
76.545676,-68.905353,19.8,303.3,0
76.545676,-68.905353,19.9,92.4,0
76.545677,-68.905354,19.9,311.5,0
76.545677,-68.905354,19.9,342.4,0
76.545677,-68.905355,19.9,295.7,0
76.545677,-68.905356,19.9,54.7,0
76.545677,-68.905358,19.9,272.4,0
76.545677,-68.905358,20,133.2,0
76.545678,-68.90536,20,314.5,0
76.545678,-68.90536,20,326.6,0
76.545678,-68.905361,20,16.8,0
76.545678,-68.905361,20.1,322.2,0
76.545678,-68.905362,20.1,296,0
76.545678,-68.905363,20.2,325,0
76.545678,-68.905364,20.2,302.7,0
76.545678,-68.905365,20.2,289.8,0
76.545678,-68.905365,20.2,76.9,0
76.545678,-68.905366,20.2,231.7,0
76.545678,-68.905366,20.3,107.5,0
76.545678,-68.905368,20.3,305.9,0
76.545678,-68.905368,20.4,95.5,0
76.545678,-68.905369,20.5,244.1,0
76.545678,-68.905369,20.5,47.1,0
76.545678,-68.905371,20.5,283.2,0
76.545677,-68.905372,20.5,222.8,0
76.545678,-68.905373,20.6,308,0
76.545678,-68.905374,20.6,2.2,0
76.545678,-68.905375,20.6,35.4,0
76.545678,-68.905375,20.6,274.1,0
76.545678,-68.905375,20.6,235.7,0
76.545678,-68.905377,20.6,282.4,0
76.545678,-68.905377,20.7,232.8,0
76.545678,-68.905379,20.7,248.8,0
76.545678,-68.905378,20.7,167.5,0
76.545678,-68.905379,20.7,340.3,0
76.545677,-68.905379,20.8,111.9,0
76.545677,-68.90538,20.9,256.3,0
76.545677,-68.905381,20.9,277.1,0
76.545677,-68.905382,20.9,285.4,0
76.545677,-68.905382,20.9,337.1,0
76.545677,-68.905382,20.9,114,0
76.545677,-68.905383,21,226,0
76.545677,-68.905384,21,297.2,0
76.545676,-68.905385,21.1,269.9,0
76.545676,-68.905386,21.1,192.9,0
76.545676,-68.905386,21.1,108.3,0
76.545676,-68.905387,21.2,324.4,0
76.545676,-68.905387,21.2,276,0
76.545676,-68.905388,21.2,304,0
76.545676,-68.905389,21.2,266,0
76.545676,-68.90539,21.2,246.8,0
76.545676,-68.905391,21.3,322.5,0
76.545676,-68.905392,21.3,276.7,0
76.545676,-68.905392,21.2,191.2,0
76.545676,-68.905393,21.2,323.1,0
76.545676,-68.905394,21.2,278.9,0
76.545676,-68.905396,21.1,260.7,0
76.545676,-68.905397,21.1,1.9,0
76.545676,-68.905398,21.2,262.6,0
76.545677,-68.905399,21.2,353.9,0
76.545677,-68.9054,21.1,300.4,0
76.545676,-68.905401,21.1,127.3,0
76.545677,-68.905403,21,310.2,0
76.545676,-68.905403,21,66.9,0
76.545676,-68.905405,20.9,293,0
76.545676,-68.905406,20.9,66.8,0
76.545676,-68.905409,20.9,288.7,0
76.545676,-68.905409,20.9,232.9,0
76.545676,-68.905411,20.9,295.1,0
76.545676,-68.905411,20.8,302.2,0
76.545676,-68.905412,20.8,284.8,0
76.545676,-68.905413,20.8,240.9,0
76.545676,-68.905415,20.8,281.3,0
76.545677,-68.905416,20.8,250.9,0
76.545677,-68.905417,20.9,62.9,0
76.545677,-68.905417,20.9,255.9,0
76.545677,-68.905419,20.9,219.5,0
76.545677,-68.90542,20.9,232,0
76.545676,-68.905421,20.9,173.5,0
76.545676,-68.905422,20.9,276.9,0
76.545676,-68.905423,20.9,265.6,0
76.545676,-68.905425,21,262.5,0
76.545676,-68.905426,21,146.7,0
76.545676,-68.905427,21,217.5,0
76.545676,-68.905428,21,212.7,0
76.545676,-68.905429,21,164.2,0
76.545676,-68.90543,21,260.9,0
76.545677,-68.905432,21,111.9,0
76.545677,-68.905434,21,249,0
76.545676,-68.905435,21,132.8,0
76.545676,-68.905436,21,200.4,0
76.545676,-68.905437,21,137.8,0
76.545676,-68.905437,21,177.4,0
76.545676,-68.905437,21,105.4,0
76.545676,-68.905439,21,268.5,0
76.545676,-68.905439,21,75.8,0
76.545676,-68.90544,21,301.3,0
76.545676,-68.90544,21,260.8,0
76.545676,-68.905441,21,165.9,0
76.545676,-68.905441,21,254.3,0
76.545676,-68.905441,21,179.2,0
76.545676,-68.905441,21.1,58.8,0
76.545675,-68.905441,21,130.3,0
76.545675,-68.905442,21.1,269,0
76.545675,-68.905442,21.1,109.1,0
76.545675,-68.905443,21.1,12.6,0
76.545675,-68.905443,21.1,147.5,0
76.545675,-68.905444,21.2,260.5,0
76.545675,-68.905444,21.2,198.8,0
76.545675,-68.905444,21.2,230.3,0
76.545674,-68.905444,21.2,236.6,0
76.545674,-68.905445,21.2,236,0
76.545674,-68.905445,21.2,341.7,0
76.545674,-68.905445,21.2,356.7,0
76.545674,-68.905445,21.3,205.4,0
76.545674,-68.905445,21.3,277.3,0
76.545674,-68.905445,21.3,29.5,0
76.545674,-68.905446,21.3,101.7,0
76.545674,-68.905445,21.3,119.5,0
76.545673,-68.905446,21.2,134.5,0
76.545673,-68.905446,21.3,68.2,0
76.545673,-68.905446,21.3,130.7,0
76.545673,-68.905447,21.4,271.1,0
76.545672,-68.905447,21.4,214,0
76.545672,-68.905448,21.3,206.1,0
76.545672,-68.905448,21.2,103.1,0
76.545672,-68.905449,21.1,315.4,0
76.545672,-68.905449,21.1,135.8,0
76.545672,-68.905449,21.1,287.2,0
76.545671,-68.905449,21.1,137.6,0
76.545672,-68.90545,21.1,295.8,0
76.545672,-68.90545,21.1,61.9,0
76.545672,-68.90545,21,351.7,0
76.545672,-68.905451,20.9,112,0
76.545673,-68.905451,20.9,285.7,0
76.545673,-68.905451,21,11.2,0
76.545673,-68.905452,21,341.8,0
76.545673,-68.905452,21,327,0
76.545673,-68.905452,21.1,18.6,0
76.545673,-68.905452,21.1,315.3,0
76.545673,-68.905452,21,107.6,0
76.545673,-68.905452,21,217.4,0
76.545673,-68.905452,21.1,55.5,0
76.545673,-68.905452,21.1,333.6,0
76.545674,-68.905452,21.2,288,0
76.545674,-68.905452,21.1,339.5,0
76.545674,-68.905451,21.1,37.4,0
76.545674,-68.905451,21,2.8,0
76.545674,-68.905451,21,44.3,0
76.545675,-68.90545,21,350.2,0
76.545675,-68.90545,21,16.2,0
76.545675,-68.90545,21,287,0
76.545676,-68.905449,20.9,67.6,0
76.545676,-68.905449,20.9,322.5,0
76.545676,-68.905448,20.9,11.1,0
76.545676,-68.905448,20.9,309.7,0
76.545677,-68.905448,20.9,353.4,0
76.545677,-68.905448,20.9,14.9,0
76.545677,-68.905449,20.9,27.9,0
76.545677,-68.905449,21,93.7,0
76.545677,-68.90545,20.9,53.3,0
76.545677,-68.905449,20.9,4.2,0
76.545677,-68.90545,20.9,57.8,0
76.545677,-68.90545,21,350.5,0
76.545677,-68.905451,21,94.5,0
76.545677,-68.905451,21,297.7,0
76.545677,-68.905451,21,61.1,0
76.545677,-68.905452,21,316.7,0
76.545677,-68.905451,21,96.7,0
76.545678,-68.905452,21.1,320.5,0
76.545677,-68.905451,21.1,74.9,0
76.545678,-68.905452,21.1,350.5,0
76.545678,-68.905451,21.1,51.2,0
76.545678,-68.905452,21.1,359.7,0
76.545678,-68.905451,21.1,333.4,0
76.545678,-68.905451,21.1,36.5,0
76.545678,-68.905451,21.1,358,0
76.545678,-68.90545,21.1,76.8,0
76.545678,-68.905451,21.2,234.2,0
76.545678,-68.90545,21.2,77.2,0
76.545678,-68.90545,21.2,344.6,0
76.545678,-68.905449,21.2,87.1,0
76.545678,-68.90545,21.2,284.3,0
76.545678,-68.905449,21.2,40.1,0
76.545678,-68.90545,21.2,32.7,0
76.545678,-68.90545,21.2,250.6,0
76.545678,-68.90545,21.1,291.4,0
76.545678,-68.90545,21.2,11.6,0
76.545678,-68.90545,21.2,328.4,0
76.545678,-68.905449,21.2,42.6,0
76.545679,-68.90545,21.2,294.4,0
76.545679,-68.905449,21.1,54.9,0
76.545679,-68.905449,21.1,356.2,0
76.545679,-68.905449,21,314.6,0
76.54568,-68.90545,21,308.8,0
76.54568,-68.90545,21,342.7,0
76.54568,-68.905449,21,33.4,0
76.54568,-68.90545,21,311.5,0
76.545681,-68.905449,21,47.1,0
76.545681,-68.90545,21,338.9,0
76.545681,-68.90545,21,0.3,0
76.545682,-68.90545,21,338.6,0
76.545682,-68.90545,20.9,22.6,0
76.545683,-68.905451,20.9,306.6,0
76.545683,-68.905451,21,295.7,0
76.545683,-68.905452,21,292.5,0
76.545683,-68.905452,21,337.5,0
76.545684,-68.905454,20.9,320.8,0
76.545684,-68.905454,20.9,327.5,0
76.545685,-68.905454,20.9,6.8,0
76.545685,-68.905455,21,12.3,0
76.545685,-68.905455,21,25.1,0
76.545685,-68.905455,21,285.3,0
76.545686,-68.905455,21,306.5,0
76.545686,-68.905456,21,330.4,0
76.545686,-68.905458,21,324.9,0
76.545687,-68.905458,21,321.3,0
76.545687,-68.905459,21,277.6,0
76.545687,-68.90546,21,299.3,0
76.545688,-68.905461,21.1,354.7,0
76.545688,-68.905462,21.1,329.8,0
76.545688,-68.905463,21.1,57.6,0
76.545689,-68.905465,21.1,331.8,0
76.545689,-68.905467,21.1,332.5,0
76.54569,-68.905468,21.2,7.8,0
76.54569,-68.905469,21.2,312.8,0
76.54569,-68.90547,21.3,331.7,0
76.545691,-68.905471,21.3,308.1,0
76.545691,-68.905473,21.3,341.4,0
76.545691,-68.905473,21.2,294.1,0
76.545692,-68.905475,21.2,323.5,0
76.545692,-68.905476,21.2,315.9,0
76.545693,-68.905477,21.2,313.3,0
76.545693,-68.905479,21.2,310.3,0
76.545693,-68.90548,21.3,322.4,0
76.545693,-68.905481,21.3,307,0
76.545694,-68.905483,21.3,326.1,0
76.545694,-68.905485,21.3,294.2,0
76.545695,-68.905486,21.3,317.6,0
76.545695,-68.905488,21.3,336.6,0
76.545695,-68.90549,21.4,320.9,0
76.545696,-68.905491,21.4,298.5,0
76.545696,-68.905494,21.5,291.5,0
76.545697,-68.905495,21.6,325.5,0
76.545697,-68.905498,21.6,318,0
76.545697,-68.905499,21.6,296.2,0
76.545698,-68.905501,21.5,302.4,0
76.545698,-68.905502,21.5,314.8,0
76.545698,-68.905503,21.6,325.6,0
76.545699,-68.905505,21.7,306.2,0
76.545699,-68.905507,21.7,327.6,0
76.5457,-68.905509,21.7,318.5,0
76.5457,-68.90551,21.6,322.2,0
76.545701,-68.905511,21.7,301.3,0
76.545701,-68.905512,21.7,17.7,0
76.545702,-68.905515,21.8,316.7,0
76.545702,-68.905516,21.8,347.8,0
76.545702,-68.905519,21.8,307.6,0
76.545703,-68.90552,21.8,350.6,0
76.545703,-68.905523,21.8,301.6,0
76.545704,-68.905524,21.9,302.1,0
76.545704,-68.905526,22,21,0
76.545705,-68.905528,22.1,315.4,0.1
76.545705,-68.905531,22,328.1,0
76.545706,-68.905533,22,318.9,0
76.545706,-68.905535,22.1,13.9,0
76.545706,-68.905538,22.2,294.7,0
76.545707,-68.905539,22.3,304,0
76.545707,-68.905542,22.3,320.5,0
76.545707,-68.905544,22.2,317,0
76.545707,-68.905546,22.2,296.7,0
76.545707,-68.905548,22.2,300,0
76.545708,-68.90555,22.2,294.7,0
76.545708,-68.905552,22.3,334.4,0
76.545708,-68.905554,22.4,317.1,0
76.545708,-68.905556,22.4,358.8,0
76.545709,-68.905559,22.4,312.9,0
76.545709,-68.905561,22.4,281.9,0
76.545709,-68.905563,22.4,246.6,0
76.545709,-68.905565,22.5,278.2,0
